{
  "astralsorcery:root": {
    "criteria": {
      "astralsorcery_present": "2024-12-07 16:26:01 +0000"
    },
    "done": true
  },
  "iceandfire:iceandfire/root": {
    "criteria": {
      "tick": "2024-12-07 16:26:01 +0000"
    },
    "done": true
  },
  "minecraft:adventure/root": {
    "criteria": {
      "killed_by_something": "2024-12-07 16:40:17 +0000"
    },
    "done": true
  },
  "mowziesmobs:root": {
    "criteria": {
      "custom_test_name": "2024-12-07 16:26:01 +0000"
    },
    "done": true
  },
  "minecraft:adventure/adventuring_time": {
    "criteria": {
      "forest": "2024-12-07 16:26:01 +0000",
      "river": "2024-12-07 16:57:14 +0000"
    },
    "done": false
  },
  "mutantbeasts:root": {
    "criteria": {
      "killed_by_something": "2024-12-07 16:40:17 +0000"
    },
    "done": true
  }
}